LogUtils.java, TRACE, Configuration{ ./Resources/MasterConfig.xml }|Loading configuration from |./Resources/MasterConfig.xml
LogUtils.java, TRACE, Configuration{ ./Resources/MasterConfig.xml }|Variable added |ExcelTestCaseAccess|{ classname = cbf.testAccess.ExcelAccess , parameters = {enableStepSelection=TBD, folderpath=, enableIterationSelection=TBD} }
LogUtils.java, TRACE, Configuration{ ./Resources/MasterConfig.xml }|Variable added |DesignerTestCaseAccess|{ classname = cbf.testAccess.DesignerAccess , parameters = {password=sprint123, projectname=TBD, version=TBD, url=http://10.51.25.52:8585/designer/api, username=sprint} }
LogUtils.java, TRACE, Configuration{ ./Resources/MasterConfig.xml }|Variable added |ExcelDataAccess|{ classname = cbf.data.ExcelAccess , parameters = {folderpath=} }
LogUtils.java, TRACE, Configuration{ ./Resources/MasterConfig.xml }|Variable added |DBDataAccess|{ classname = cbf.data.DbAccess , parameters = {password=root@123, classname=sun.jdbc.odbc.JdbcOdbcDriver, dbname=TestSetDB, userID=root, url=jdbc:odbc:Driver={Microsoft Access Driver (*.mdb, *.accdb)}} }
LogUtils.java, TRACE, Configuration{ ./Resources/MasterConfig.xml }|Variable added |ResultEventLogger|{ classname = cbf.reporting.ResultEventLogger , parameters = {filepath=} }
LogUtils.java, TRACE, Configuration{ ./Resources/MasterConfig.xml }|Variable added |ScreenDump|{ classname = cbf.reporting.ScreenDumpManager , parameters = {folderpath=, pattern=} }
LogUtils.java, TRACE, Configuration{ ./Resources/MasterConfig.xml }|Variable added |ExcelReport|{ classname = cbf.reporting.ExcelReporter , parameters = {filepath=, pattern=} }
LogUtils.java, TRACE, Configuration{ ./Resources/MasterConfig.xml }|Variable added |HtmlEvent|{ classname = cbf.reporting.HtmlEventReporter , parameters = {detailsPath=, pattern=, summaryPath=} }
LogUtils.java, TRACE, Configuration{ ./Resources/MasterConfig.xml }|Variable added |AlmReporter|{ classname = cbf.reporting.AlmReporter , parameters = {password=Dec@2016, login_name=315562728, domain=IT_WEALTH_MANAGEMENT, project=USWM_ClientView, attach_level=testcase, url=http://qualitycenter122.fg.rbc.com/qcbin/} }
LogUtils.java, TRACE, Configuration{ ./Resources/MasterConfig.xml }|Variable added |JenkinsScreenDump|{ classname = cbf.reporting.ScreenDumpManager , parameters = {folderpath=, pattern=_${Node_Label}.${Browser}.${UniqueUtils.uniqueDate()}.${Browser}} }
LogUtils.java, TRACE, Configuration{ ./Resources/MasterConfig.xml }|Variable added |JenkinsExcelReport|{ classname = cbf.reporting.ExcelReporter , parameters = {filepath=, pattern=_${Node_Label}.${Browser}.${UniqueUtils.uniqueDate()}.${Browser}} }
LogUtils.java, TRACE, Configuration{ ./Resources/MasterConfig.xml }|Variable added |JenkinsHtmlEvent|{ classname = cbf.reporting.HtmlEventReporter , parameters = {detailsPath=, pattern=_${Node_Label}.${Browser}.${UniqueUtils.uniqueDate()}, summaryPath=} }
LogUtils.java, TRACE, Configuration{ ./Resources/MasterConfig.xml }|Variable added |JenkinsResultEventLogger|{ classname = cbf.reporting.ResultEventLogger , parameters = {filepath=, pattern=_${Node_Label}.${Browser}.${UniqueUtils.uniqueDate()}} }
LogUtils.java, TRACE, Configuration{ ./Resources/MasterConfig.xml }|Variable added |EmailAlert|{ classname = cbf.reporting.EmailAlerter , parameters = {detailsPath=, summaryPath=} }
LogUtils.java, TRACE, Configuration{ ./Resources/MasterConfig.xml }|Variable added |TestLink|{ classname = cbf.reporting.TestLinkReporter , parameters = {devkey=7262833d005078a8d884181148d3bd5f, url=http://10.212.21.188:80/testlink/lib/api/xmlrpc/v1/xmlrpc.php} }
LogUtils.java, TRACE, Configuration{ ./Resources/MasterConfig.xml }|Variable added |IE|{ classname = cbfx.selenium.browsers.IE , parameters = {browserdriver=TBD} }
LogUtils.java, TRACE, Configuration{ ./Resources/MasterConfig.xml }|Variable added |CHROME|{ classname = cbfx.selenium.browsers.Chrome , parameters = {browserdriver=TBD} }
LogUtils.java, TRACE, Configuration{ ./Resources/MasterConfig.xml }|Variable added |FIREFOX|{ classname = cbfx.selenium.browsers.Firefox , parameters = {} }
LogUtils.java, TRACE, Configuration{ ./Resources/MasterConfig.xml }|Variable added |PhantomJS|{ classname = cbfx.selenium.browsers.PhantomJS , parameters = {} }
LogUtils.java, TRACE, Configuration{ ./Resources/MasterConfig.xml }|Variable added |EggPlant|{ classname = cbfx.selenium.EggUIDriver , parameters = {password=igate, port=5901, suitepath=D:/Workspace/CBF-2.4.0-EggPlant/Test/Sample_EggPlant/Plan/AppDriver/OR/eggplant.suite, url=10.212.21.28} }
LogUtils.java, TRACE, Configuration{ ./Resources/MasterConfig.xml }|Variable added |ExcelTestSetAccess|{ classname = cbf.testAccess.ExcelTestSetAccess , parameters = {folderpath=} }
LogUtils.java, TRACE, Configuration{ ./Resources/MasterConfig.xml }|Variable added |XmlTestSetAccess|{ classname = cbf.testAccess.XmlTestSetAccess , parameters = {folderpath=TBD, designerFolder=} }
LogUtils.java, TRACE, Configuration{ ./Resources/MasterConfig.xml }|Variable added |AlmTestSetAccess|{ classname = cbf.testAccess.AlmTestSetAccess , parameters = {domain=IT_WEALTH_MANAGEMENT, project=USWM_ClientView, url=http://qualitycenter122.fg.rbc.com/qcbin/} }
LogUtils.java, TRACE, Configuration{ ./Resources/MasterConfig.xml }|Variable added |ExcelMap|{ classname = cbfx.selenium.ExcelObjectMap }
LogUtils.java, TRACE, Configuration{ ./Resources/MasterConfig.xml }|Variable added |XmlMap|{ classname = cbfx.selenium.XmlObjectMap }
LogUtils.java, TRACE, Configuration{ ./Resources/MasterConfig.xml }|Variable added |DesignerMap|{ classname = cbfx.selenium.DesignerObjectMap }
LogUtils.java, TRACE, ReportingManager{ Configuration{ .\Projects\WMOnline\Plan\ExcelConfig.xml } }|Reporter selected: |ScreenDumpManager{ {folderpath=, pattern=} }
LogUtils.java, TRACE, ReportingManager{ Configuration{ .\Projects\WMOnline\Plan\ExcelConfig.xml } }|Reporter selected: |HtmlEventReporter{ {detailsPath=, pattern=, summaryPath=} }
LogUtils.java, TRACE, ReportingManager{ Configuration{ .\Projects\WMOnline\Plan\ExcelConfig.xml } }|Reporter selected: |ExcelReporter{ .\Projects\WMOnline/Logs/ExecutedOn_24-10-2018_Time_20-12-04/ExecutionReport.xlsx }
LogUtils.java, TRACE, ReportingManager{ Configuration{ .\Projects\WMOnline\Plan\ExcelConfig.xml } }|opened reporter: |ScreenDumpManager{ {folderpath=, pattern=} }
LogUtils.java, TRACE, ReportingManager{ Configuration{ .\Projects\WMOnline\Plan\ExcelConfig.xml } }|opened reporter: |HtmlEventReporter{ {detailsPath=, pattern=, summaryPath=} }
LogUtils.java, TRACE, ExcelReporter{ .\Projects\WMOnline/Logs/ExecutedOn_24-10-2018_Time_20-12-04/ExecutionReport.xlsx }|Report: open
LogUtils.java, TRACE, ReportingManager{ Configuration{ .\Projects\WMOnline\Plan\ExcelConfig.xml } }|opened reporter: |ExcelReporter{ .\Projects\WMOnline/Logs/ExecutedOn_24-10-2018_Time_20-12-04/ExecutionReport.xlsx }
LogUtils.java, TRACE, cbf.harness.AppLoader@1622f1b|LoadApp()
LogUtils.java, DEBUG, cbf.harness.AppLoader@1622f1b|AppDriverBootStrap: CompositeAppDriver
LogUtils.java, TRACE, ExcelReporter{ .\Projects\WMOnline/Logs/ExecutedOn_24-10-2018_Time_20-12-04/ExecutionReport.xlsx }|Report:START:TestResult{  }:Connect_Change_Password_Successful
LogUtils.java,  INFO, TestResultTracker{ [ScreenDumpManager{ {folderpath=, pattern=} }, HtmlEventReporter{ {detailsPath=, pattern=, summaryPath=} }, ExcelReporter{ .\Projects\WMOnline/Logs/ExecutedOn_24-10-2018_Time_20-12-04/ExecutionReport.xlsx }] }|START : runTest
LogUtils.java, TRACE, TestSetRunner{ cbf.harness.Harness@14c265e }|GetTestCase(), instanceMap
LogUtils.java, TRACE, ExcelAccess{ {enableStepSelection=true, folderpath=, enableIterationSelection=true} }|getTestCase()
LogUtils.java, TRACE, ExcelAccess{ {enableStepSelection=true, folderpath=, enableIterationSelection=true} }|DeserializeTest(Connect_Change_Password_Successful;.\Projects\WMOnline/Plan/TestCases/Connect_Change_Password_Successful.xls)
LogUtils.java, TRACE, ExcelAccess{ {folderpath=} }|SelectRows(WMOnline-Login-_DefaultCompRow)
LogUtils.java, TRACE, ExcelAccess{ {folderpath=} }|TryFilePath(WMOnline-Login.xlsx)
LogUtils.java, TRACE, ExcelAccess{ {folderpath=} }|Data file Login.xlsx does not exists. |.\Projects\WMOnline/Plan/Data/WMOnline/Login.xlsx|Plan/Data/WMOnline
LogUtils.java, TRACE, ExcelAccess{ {folderpath=} }|TryFilePath(-WMOnlineData.xls)
LogUtils.java, TRACE, ExcelAccess{ {folderpath=} }|TryFilePath(-WMOnlineData.xls)=.\Projects\WMOnline/Plan/Data/WMOnlineData.xls
LogUtils.java, TRACE, ExcelDeserializer{ ExcelAccess{ {folderpath=} }DTAccess{ .\Projects\WMOnline/Plan/TestCases/Connect_Change_Password_Successful.xls }Connect_Change_Password_Successful.\Projects\WMOnline/Plan/TestCases/Connect_Change_Password_Successful.xls{enableStepSelection=true, folderpath=, enableIterationSelection=true} }|Step added:{ moduleCode = WMOnline ; offlineRowId = _DefaultCompRow ; componentCode = Login ; stepName = Login ; abortTestIfUnexpected = true ; inlineRowId =  ; _selectYN = Y }:#0
LogUtils.java, TRACE, ExcelAccess{ {folderpath=} }|SelectRows(WMOnline-NavtoProfileandPref-_DefaultCompRow)
LogUtils.java, TRACE, ExcelAccess{ {folderpath=} }|TryFilePath(WMOnline-NavtoProfileandPref.xlsx)
LogUtils.java, TRACE, ExcelAccess{ {folderpath=} }|Data file NavtoProfileandPref.xlsx does not exists. |.\Projects\WMOnline/Plan/Data/WMOnline/NavtoProfileandPref.xlsx|Plan/Data/WMOnline
LogUtils.java, TRACE, ExcelAccess{ {folderpath=} }|TryFilePath(-WMOnlineData.xls)
LogUtils.java, TRACE, ExcelAccess{ {folderpath=} }|TryFilePath(-WMOnlineData.xls)=.\Projects\WMOnline/Plan/Data/WMOnlineData.xls
LogUtils.java, TRACE, ExcelDeserializer{ ExcelAccess{ {folderpath=} }DTAccess{ .\Projects\WMOnline/Plan/TestCases/Connect_Change_Password_Successful.xls }Connect_Change_Password_Successful.\Projects\WMOnline/Plan/TestCases/Connect_Change_Password_Successful.xls{enableStepSelection=true, folderpath=, enableIterationSelection=true} }|Step added:{ moduleCode = WMOnline ; offlineRowId = _DefaultCompRow ; componentCode = NavtoProfileandPref ; stepName = NavtoProfileandPref ; abortTestIfUnexpected = true ; inlineRowId =  ; _selectYN = Y }:#0
LogUtils.java, TRACE, ExcelAccess{ {folderpath=} }|SelectRows(WMOnline-ChangePassword-_DefaultCompRow)
LogUtils.java, TRACE, ExcelAccess{ {folderpath=} }|TryFilePath(WMOnline-ChangePassword.xlsx)
LogUtils.java, TRACE, ExcelAccess{ {folderpath=} }|Data file ChangePassword.xlsx does not exists. |.\Projects\WMOnline/Plan/Data/WMOnline/ChangePassword.xlsx|Plan/Data/WMOnline
LogUtils.java, TRACE, ExcelAccess{ {folderpath=} }|TryFilePath(-WMOnlineData.xls)
LogUtils.java, TRACE, ExcelAccess{ {folderpath=} }|TryFilePath(-WMOnlineData.xls)=.\Projects\WMOnline/Plan/Data/WMOnlineData.xls
LogUtils.java, TRACE, ExcelDeserializer{ ExcelAccess{ {folderpath=} }DTAccess{ .\Projects\WMOnline/Plan/TestCases/Connect_Change_Password_Successful.xls }Connect_Change_Password_Successful.\Projects\WMOnline/Plan/TestCases/Connect_Change_Password_Successful.xls{enableStepSelection=true, folderpath=, enableIterationSelection=true} }|Step added:{ moduleCode = WMOnline ; offlineRowId = _DefaultCompRow ; componentCode = ChangePassword ; stepName = ChangePassword ; abortTestIfUnexpected = true ; inlineRowId =  ; _selectYN = Y }:#0
LogUtils.java, TRACE, ExcelAccess{ {folderpath=} }|SelectRows(WMOnline-VerSessionLog_EmailNotifi0-_DefaultCompRow)
LogUtils.java, TRACE, ExcelAccess{ {folderpath=} }|TryFilePath(WMOnline-VerSessionLog_EmailNotifi0.xlsx)
LogUtils.java, TRACE, ExcelAccess{ {folderpath=} }|Data file VerSessionLog_EmailNotifi0.xlsx does not exists. |.\Projects\WMOnline/Plan/Data/WMOnline/VerSessionLog_EmailNotifi0.xlsx|Plan/Data/WMOnline
LogUtils.java, TRACE, ExcelAccess{ {folderpath=} }|TryFilePath(-WMOnlineData.xls)
LogUtils.java, TRACE, ExcelAccess{ {folderpath=} }|TryFilePath(-WMOnlineData.xls)=.\Projects\WMOnline/Plan/Data/WMOnlineData.xls
LogUtils.java, TRACE, ExcelDeserializer{ ExcelAccess{ {folderpath=} }DTAccess{ .\Projects\WMOnline/Plan/TestCases/Connect_Change_Password_Successful.xls }Connect_Change_Password_Successful.\Projects\WMOnline/Plan/TestCases/Connect_Change_Password_Successful.xls{enableStepSelection=true, folderpath=, enableIterationSelection=true} }|Step added:{ moduleCode = WMOnline ; offlineRowId = _DefaultCompRow ; componentCode = VerSessionLog_EmailNotifi0 ; stepName = VerSessionLog EmailNotifi0 ; abortTestIfUnexpected = true ; inlineRowId =  ; _selectYN = Y }:#0
LogUtils.java, TRACE, ExcelAccess{ {folderpath=} }|SelectRows(WMOnline-Logout-_DefaultCompRow)
LogUtils.java, TRACE, ExcelAccess{ {folderpath=} }|TryFilePath(WMOnline-Logout.xlsx)
LogUtils.java, TRACE, ExcelAccess{ {folderpath=} }|Data file Logout.xlsx does not exists. |.\Projects\WMOnline/Plan/Data/WMOnline/Logout.xlsx|Plan/Data/WMOnline
LogUtils.java, TRACE, ExcelAccess{ {folderpath=} }|TryFilePath(-WMOnlineData.xls)
LogUtils.java, TRACE, ExcelAccess{ {folderpath=} }|TryFilePath(-WMOnlineData.xls)=.\Projects\WMOnline/Plan/Data/WMOnlineData.xls
LogUtils.java, TRACE, ExcelDeserializer{ ExcelAccess{ {folderpath=} }DTAccess{ .\Projects\WMOnline/Plan/TestCases/Connect_Change_Password_Successful.xls }Connect_Change_Password_Successful.\Projects\WMOnline/Plan/TestCases/Connect_Change_Password_Successful.xls{enableStepSelection=true, folderpath=, enableIterationSelection=true} }|Step added:{ moduleCode = WMOnline ; offlineRowId = _DefaultCompRow ; componentCode = Logout ; stepName = Logout ; abortTestIfUnexpected = true ; inlineRowId =  ; _selectYN = Y }:#0
LogUtils.java, TRACE, ExcelAccess{ {folderpath=} }|SelectRows(WMOnline-Login-_DefaultCompRow)
LogUtils.java, TRACE, ExcelAccess{ {folderpath=} }|TryFilePath(WMOnline-Login.xlsx)
LogUtils.java, TRACE, ExcelAccess{ {folderpath=} }|Data file Login.xlsx does not exists. |.\Projects\WMOnline/Plan/Data/WMOnline/Login.xlsx|Plan/Data/WMOnline
LogUtils.java, TRACE, ExcelAccess{ {folderpath=} }|TryFilePath(-WMOnlineData.xls)
LogUtils.java, TRACE, ExcelAccess{ {folderpath=} }|TryFilePath(-WMOnlineData.xls)=.\Projects\WMOnline/Plan/Data/WMOnlineData.xls
LogUtils.java, TRACE, ExcelDeserializer{ ExcelAccess{ {folderpath=} }DTAccess{ .\Projects\WMOnline/Plan/TestCases/Connect_Change_Password_Successful.xls }Connect_Change_Password_Successful.\Projects\WMOnline/Plan/TestCases/Connect_Change_Password_Successful.xls{enableStepSelection=true, folderpath=, enableIterationSelection=true} }|Step added:{ moduleCode = WMOnline ; offlineRowId = _DefaultCompRow ; componentCode = Login ; stepName = Login ; abortTestIfUnexpected = true ; inlineRowId =  ; _selectYN = Y }:#0
LogUtils.java, TRACE, ExcelAccess{ {folderpath=} }|SelectRows(WMOnline-Logout-_DefaultCompRow)
LogUtils.java, TRACE, ExcelAccess{ {folderpath=} }|TryFilePath(WMOnline-Logout.xlsx)
LogUtils.java, TRACE, ExcelAccess{ {folderpath=} }|Data file Logout.xlsx does not exists. |.\Projects\WMOnline/Plan/Data/WMOnline/Logout.xlsx|Plan/Data/WMOnline
LogUtils.java, TRACE, ExcelAccess{ {folderpath=} }|TryFilePath(-WMOnlineData.xls)
LogUtils.java, TRACE, ExcelAccess{ {folderpath=} }|TryFilePath(-WMOnlineData.xls)=.\Projects\WMOnline/Plan/Data/WMOnlineData.xls
LogUtils.java, TRACE, ExcelDeserializer{ ExcelAccess{ {folderpath=} }DTAccess{ .\Projects\WMOnline/Plan/TestCases/Connect_Change_Password_Successful.xls }Connect_Change_Password_Successful.\Projects\WMOnline/Plan/TestCases/Connect_Change_Password_Successful.xls{enableStepSelection=true, folderpath=, enableIterationSelection=true} }|Step added:{ moduleCode = WMOnline ; offlineRowId = _DefaultCompRow ; componentCode = Logout ; stepName = Logout ; abortTestIfUnexpected = true ; inlineRowId =  ; _selectYN = Y }:#0
LogUtils.java, TRACE, ExcelReporter{ .\Projects\WMOnline/Logs/ExecutedOn_24-10-2018_Time_20-12-04/ExecutionReport.xlsx }|Report:START:TestResult{  }:cbf.testAccess.ExcelDeserializer$2@555e0a
LogUtils.java,  INFO, TestResultTracker{ [ScreenDumpManager{ {folderpath=, pattern=} }, HtmlEventReporter{ {detailsPath=, pattern=, summaryPath=} }, ExcelReporter{ .\Projects\WMOnline/Logs/ExecutedOn_24-10-2018_Time_20-12-04/ExecutionReport.xlsx }, cbf.harness.ParameterAccess@4baf4a] }|START : run
LogUtils.java, TRACE, ExcelReporter{ .\Projects\WMOnline/Logs/ExecutedOn_24-10-2018_Time_20-12-04/ExecutionReport.xlsx }|Report:START:TestResult{  }:cbf.testAccess.ExcelDeserializer$3@126515b
LogUtils.java,  INFO, TestResultTracker{ [ScreenDumpManager{ {folderpath=, pattern=} }, HtmlEventReporter{ {detailsPath=, pattern=, summaryPath=} }, ExcelReporter{ .\Projects\WMOnline/Logs/ExecutedOn_24-10-2018_Time_20-12-04/ExecutionReport.xlsx }, cbf.harness.ParameterAccess@4baf4a] }|START : track
LogUtils.java, TRACE, ExcelReporter{ .\Projects\WMOnline/Logs/ExecutedOn_24-10-2018_Time_20-12-04/ExecutionReport.xlsx }|Report:START:TestResult{  }:cbf.testAccess.ExcelDeserializer$3@126515b
LogUtils.java,  INFO, TestResultTracker{ [ScreenDumpManager{ {folderpath=, pattern=} }, HtmlEventReporter{ {detailsPath=, pattern=, summaryPath=} }, ExcelReporter{ .\Projects\WMOnline/Logs/ExecutedOn_24-10-2018_Time_20-12-04/ExecutionReport.xlsx }, cbf.harness.ParameterAccess@4baf4a] }|START : track
LogUtils.java, TRACE, TestCaseRunner{ ModuleDrivers.CompositeAppDriver@92b3b6TestResultTracker{ [ScreenDumpManager{ {folderpath=, pattern=} }, HtmlEventReporter{ {detailsPath=, pattern=, summaryPath=} }, ExcelReporter{ .\Projects\WMOnline/Logs/ExecutedOn_24-10-2018_Time_20-12-04/ExecutionReport.xlsx }, cbf.harness.ParameterAccess@4baf4a] } }|performComponent()
LogUtils.java, TRACE, TestCaseRunner{ ModuleDrivers.CompositeAppDriver@92b3b6TestResultTracker{ [ScreenDumpManager{ {folderpath=, pattern=} }, HtmlEventReporter{ {detailsPath=, pattern=, summaryPath=} }, ExcelReporter{ .\Projects\WMOnline/Logs/ExecutedOn_24-10-2018_Time_20-12-04/ExecutionReport.xlsx }, cbf.harness.ParameterAccess@4baf4a] } }|appdriver.perform( WMOnline_Login_{ _rowId = _DefaultCompRow ; type@Username = QADRC160 ; Navigate@URL = https://secure.sterbcwm-usa.com/WMConnect/ConnectWeb/signin/Signin.invoke?vlType=noyHbKEScvfipqsE ; type@Password = Test!@#4 ; Type@Data_should_be = Data should be } ) 
LogUtils.java, TRACE, WMOnlineDriver|Executing.............Login with parameters DataRow{ _rowId = _DefaultCompRow;type@Username = QADRC160;Navigate@URL = https://secure.sterbcwm-usa.com/WMConnect/ConnectWeb/signin/Signin.invoke?vlType=noyHbKEScvfipqsE;type@Password = Test!@#4;Type@Data_should_be = Data should be; }
LogUtils.java, ERROR, WMOnlineDriver|Error: Error in invoking component |Login| |java.lang.reflect.InvocationTargetException
LogUtils.java,  INFO, TestResultTracker{ [ScreenDumpManager{ {folderpath=, pattern=} }, HtmlEventReporter{ {detailsPath=, pattern=, summaryPath=} }, ExcelReporter{ .\Projects\WMOnline/Logs/ExecutedOn_24-10-2018_Time_20-12-04/ExecutionReport.xlsx }, cbf.harness.ParameterAccess@4baf4a] }|FINISH : track STATUS : ERROR
LogUtils.java, TRACE, ExcelReporter{ .\Projects\WMOnline/Logs/ExecutedOn_24-10-2018_Time_20-12-04/ExecutionReport.xlsx }|Report:FINISH:TestResult{  }:ERROR
LogUtils.java, TRACE, TestResultTracker{ [ScreenDumpManager{ {folderpath=, pattern=} }, HtmlEventReporter{ {detailsPath=, pattern=, summaryPath=} }, ExcelReporter{ .\Projects\WMOnline/Logs/ExecutedOn_24-10-2018_Time_20-12-04/ExecutionReport.xlsx }, cbf.harness.ParameterAccess@4baf4a] }|Report Event: type:WARNING:details:{ actual = Step Failed despite unexpected result in component ; expected =  ; name =  ; screenDump = true }
LogUtils.java, TRACE, ScreenDumpManager{ {folderpath=, pattern=} }|Report log
LogUtils.java, TRACE, ExcelReporter{ .\Projects\WMOnline/Logs/ExecutedOn_24-10-2018_Time_20-12-04/ExecutionReport.xlsx }|Report:DETAILS:TestResult{  }:{ actual = Step Failed despite unexpected result in component , expected =  , name =  , screenDump = true }
LogUtils.java,  INFO, TestResultTracker{ [ScreenDumpManager{ {folderpath=, pattern=} }, HtmlEventReporter{ {detailsPath=, pattern=, summaryPath=} }, ExcelReporter{ .\Projects\WMOnline/Logs/ExecutedOn_24-10-2018_Time_20-12-04/ExecutionReport.xlsx }, cbf.harness.ParameterAccess@4baf4a] }|FINISH : track STATUS : WARNING
LogUtils.java, TRACE, ExcelReporter{ .\Projects\WMOnline/Logs/ExecutedOn_24-10-2018_Time_20-12-04/ExecutionReport.xlsx }|Report:FINISH:TestResult{  }:WARNING
LogUtils.java, TRACE, ExcelReporter{ .\Projects\WMOnline/Logs/ExecutedOn_24-10-2018_Time_20-12-04/ExecutionReport.xlsx }|Do not clear cell content as cell has formula
LogUtils.java, TRACE, TestCaseRunner{ ModuleDrivers.CompositeAppDriver@92b3b6TestResultTracker{ [ScreenDumpManager{ {folderpath=, pattern=} }, HtmlEventReporter{ {detailsPath=, pattern=, summaryPath=} }, ExcelReporter{ .\Projects\WMOnline/Logs/ExecutedOn_24-10-2018_Time_20-12-04/ExecutionReport.xlsx }, cbf.harness.ParameterAccess@4baf4a] } }|aborting at:0
LogUtils.java,  INFO, TestResultTracker{ [ScreenDumpManager{ {folderpath=, pattern=} }, HtmlEventReporter{ {detailsPath=, pattern=, summaryPath=} }, ExcelReporter{ .\Projects\WMOnline/Logs/ExecutedOn_24-10-2018_Time_20-12-04/ExecutionReport.xlsx }, cbf.harness.ParameterAccess@4baf4a] }|FINISH : run STATUS : ERROR
LogUtils.java, TRACE, ExcelReporter{ .\Projects\WMOnline/Logs/ExecutedOn_24-10-2018_Time_20-12-04/ExecutionReport.xlsx }|Report:FINISH:TestResult{  }:ERROR
LogUtils.java, TRACE, ExcelReporter{ .\Projects\WMOnline/Logs/ExecutedOn_24-10-2018_Time_20-12-04/ExecutionReport.xlsx }|Do not clear cell content as cell has formula
LogUtils.java, TRACE, TestCaseRunner{ ModuleDrivers.CompositeAppDriver@92b3b6TestResultTracker{ [ScreenDumpManager{ {folderpath=, pattern=} }, HtmlEventReporter{ {detailsPath=, pattern=, summaryPath=} }, ExcelReporter{ .\Projects\WMOnline/Logs/ExecutedOn_24-10-2018_Time_20-12-04/ExecutionReport.xlsx }, cbf.harness.ParameterAccess@4baf4a] } }|componentDriver.recover()
LogUtils.java,  INFO, TestResultTracker{ [ScreenDumpManager{ {folderpath=, pattern=} }, HtmlEventReporter{ {detailsPath=, pattern=, summaryPath=} }, ExcelReporter{ .\Projects\WMOnline/Logs/ExecutedOn_24-10-2018_Time_20-12-04/ExecutionReport.xlsx }, cbf.harness.ParameterAccess@4baf4a] }|FINISH : runTest STATUS : ERROR
LogUtils.java, TRACE, ExcelReporter{ .\Projects\WMOnline/Logs/ExecutedOn_24-10-2018_Time_20-12-04/ExecutionReport.xlsx }|Report:FINISH:TestResult{  }:ERROR
LogUtils.java, TRACE, ExcelReporter{ .\Projects\WMOnline/Logs/ExecutedOn_24-10-2018_Time_20-12-04/ExecutionReport.xlsx }|Report:START:TestResult{  }:Connect_ForgotPassword_PersonalInformation_NegativeValidations
LogUtils.java,  INFO, TestResultTracker{ [ScreenDumpManager{ {folderpath=, pattern=} }, HtmlEventReporter{ {detailsPath=, pattern=, summaryPath=} }, ExcelReporter{ .\Projects\WMOnline/Logs/ExecutedOn_24-10-2018_Time_20-12-04/ExecutionReport.xlsx }, cbf.harness.ParameterAccess@4baf4a] }|START : runTest
LogUtils.java, TRACE, TestSetRunner{ cbf.harness.Harness@14c265e }|GetTestCase(), instanceMap
LogUtils.java, TRACE, ExcelAccess{ {enableStepSelection=true, folderpath=, enableIterationSelection=true} }|getTestCase()
LogUtils.java, TRACE, ExcelAccess{ {enableStepSelection=true, folderpath=, enableIterationSelection=true} }|DeserializeTest(Connect_ForgotPassword_PersonalInformation_NegativeValidations;.\Projects\WMOnline/Plan/TestCases/Connect_ForgotPassword_PersonalInformation_NegativeValidations.xls)
LogUtils.java, TRACE, ExcelAccess{ {folderpath=} }|SelectRows(WMOnline-Forgot_Password-_DefaultCompRow)
LogUtils.java, TRACE, ExcelAccess{ {folderpath=} }|TryFilePath(WMOnline-Forgot_Password.xlsx)
LogUtils.java, TRACE, ExcelAccess{ {folderpath=} }|Data file Forgot_Password.xlsx does not exists. |.\Projects\WMOnline/Plan/Data/WMOnline/Forgot_Password.xlsx|Plan/Data/WMOnline
LogUtils.java, TRACE, ExcelAccess{ {folderpath=} }|TryFilePath(-WMOnlineData.xls)
LogUtils.java, TRACE, ExcelAccess{ {folderpath=} }|TryFilePath(-WMOnlineData.xls)=.\Projects\WMOnline/Plan/Data/WMOnlineData.xls
LogUtils.java, TRACE, ExcelDeserializer{ ExcelAccess{ {folderpath=} }DTAccess{ .\Projects\WMOnline/Plan/TestCases/Connect_ForgotPassword_PersonalInformation_NegativeValidations.xls }Connect_ForgotPassword_PersonalInformation_NegativeValidations.\Projects\WMOnline/Plan/TestCases/Connect_ForgotPassword_PersonalInformation_NegativeValidations.xls{enableStepSelection=true, folderpath=, enableIterationSelection=true} }|Step added:{ moduleCode = WMOnline ; offlineRowId = _DefaultCompRow ; componentCode = Forgot_Password ; stepName = Forgot_Password ; abortTestIfUnexpected = true ; inlineRowId =  ; _selectYN = Y }:#0
LogUtils.java, TRACE, ExcelDeserializer{ ExcelAccess{ {folderpath=} }DTAccess{ .\Projects\WMOnline/Plan/TestCases/Connect_ForgotPassword_PersonalInformation_NegativeValidations.xls }Connect_ForgotPassword_PersonalInformation_NegativeValidations.\Projects\WMOnline/Plan/TestCases/Connect_ForgotPassword_PersonalInformation_NegativeValidations.xls{enableStepSelection=true, folderpath=, enableIterationSelection=true} }|Step row skipped:{ moduleCode = WMOnline ; offlineRowId = _DefaultCompRow1 ; componentCode = Forgot_Password_PersonalInfo ; stepName = Forgot Password PersonalInfo ; abortTestIfUnexpected = true ; inlineRowId =  ; _selectYN = N }:#0
LogUtils.java, TRACE, ExcelDeserializer{ ExcelAccess{ {folderpath=} }DTAccess{ .\Projects\WMOnline/Plan/TestCases/Connect_ForgotPassword_PersonalInformation_NegativeValidations.xls }Connect_ForgotPassword_PersonalInformation_NegativeValidations.\Projects\WMOnline/Plan/TestCases/Connect_ForgotPassword_PersonalInformation_NegativeValidations.xls{enableStepSelection=true, folderpath=, enableIterationSelection=true} }|Step row skipped:{ moduleCode = WMOnline ; offlineRowId = _DefaultCompRow2 ; componentCode = Forgot_Password_PersonalInfo ; stepName = Forgot Password PersonalInfo ; abortTestIfUnexpected = true ; inlineRowId =  ; _selectYN = N }:#0
LogUtils.java, TRACE, ExcelAccess{ {folderpath=} }|SelectRows(WMOnline-Forgot_Password_PersonalInfo-_DefaultCompRow3)
LogUtils.java, TRACE, ExcelAccess{ {folderpath=} }|TryFilePath(WMOnline-Forgot_Password_PersonalInfo.xlsx)
LogUtils.java, TRACE, ExcelAccess{ {folderpath=} }|Data file Forgot_Password_PersonalInfo.xlsx does not exists. |.\Projects\WMOnline/Plan/Data/WMOnline/Forgot_Password_PersonalInfo.xlsx|Plan/Data/WMOnline
LogUtils.java, TRACE, ExcelAccess{ {folderpath=} }|TryFilePath(-WMOnlineData.xls)
LogUtils.java, TRACE, ExcelAccess{ {folderpath=} }|TryFilePath(-WMOnlineData.xls)=.\Projects\WMOnline/Plan/Data/WMOnlineData.xls
LogUtils.java, TRACE, ExcelDeserializer{ ExcelAccess{ {folderpath=} }DTAccess{ .\Projects\WMOnline/Plan/TestCases/Connect_ForgotPassword_PersonalInformation_NegativeValidations.xls }Connect_ForgotPassword_PersonalInformation_NegativeValidations.\Projects\WMOnline/Plan/TestCases/Connect_ForgotPassword_PersonalInformation_NegativeValidations.xls{enableStepSelection=true, folderpath=, enableIterationSelection=true} }|Step added:{ moduleCode = WMOnline ; offlineRowId = _DefaultCompRow3 ; componentCode = Forgot_Password_PersonalInfo ; stepName = Forgot Password PersonalInfo ; abortTestIfUnexpected = true ; inlineRowId =  ; _selectYN = Y }:#0
LogUtils.java, TRACE, ExcelDeserializer{ ExcelAccess{ {folderpath=} }DTAccess{ .\Projects\WMOnline/Plan/TestCases/Connect_ForgotPassword_PersonalInformation_NegativeValidations.xls }Connect_ForgotPassword_PersonalInformation_NegativeValidations.\Projects\WMOnline/Plan/TestCases/Connect_ForgotPassword_PersonalInformation_NegativeValidations.xls{enableStepSelection=true, folderpath=, enableIterationSelection=true} }|Step row skipped:{ moduleCode = WMOnline ; offlineRowId = _DefaultCompRow4 ; componentCode = Forgot_Password_PersonalInfo ; stepName = Forgot Password PersonalInfo ; abortTestIfUnexpected = true ; inlineRowId =  ; _selectYN = N }:#0
LogUtils.java, TRACE, ExcelDeserializer{ ExcelAccess{ {folderpath=} }DTAccess{ .\Projects\WMOnline/Plan/TestCases/Connect_ForgotPassword_PersonalInformation_NegativeValidations.xls }Connect_ForgotPassword_PersonalInformation_NegativeValidations.\Projects\WMOnline/Plan/TestCases/Connect_ForgotPassword_PersonalInformation_NegativeValidations.xls{enableStepSelection=true, folderpath=, enableIterationSelection=true} }|Step row skipped:{ moduleCode = WMOnline ; offlineRowId = _DefaultCompRow5 ; componentCode = Forgot_Password_PersonalInfo ; stepName = Forgot Password PersonalInfo ; abortTestIfUnexpected = true ; inlineRowId =  ; _selectYN = N }:#0
LogUtils.java, TRACE, ExcelDeserializer{ ExcelAccess{ {folderpath=} }DTAccess{ .\Projects\WMOnline/Plan/TestCases/Connect_ForgotPassword_PersonalInformation_NegativeValidations.xls }Connect_ForgotPassword_PersonalInformation_NegativeValidations.\Projects\WMOnline/Plan/TestCases/Connect_ForgotPassword_PersonalInformation_NegativeValidations.xls{enableStepSelection=true, folderpath=, enableIterationSelection=true} }|Step row skipped:{ moduleCode = WMOnline ; offlineRowId = _DefaultCompRow6 ; componentCode = Forgot_Password_PersonalInfo ; stepName = Forgot Password PersonalInfo ; abortTestIfUnexpected = true ; inlineRowId =  ; _selectYN = N }:#0
LogUtils.java, TRACE, ExcelDeserializer{ ExcelAccess{ {folderpath=} }DTAccess{ .\Projects\WMOnline/Plan/TestCases/Connect_ForgotPassword_PersonalInformation_NegativeValidations.xls }Connect_ForgotPassword_PersonalInformation_NegativeValidations.\Projects\WMOnline/Plan/TestCases/Connect_ForgotPassword_PersonalInformation_NegativeValidations.xls{enableStepSelection=true, folderpath=, enableIterationSelection=true} }|Step row skipped:{ moduleCode = WMOnline ; offlineRowId = _DefaultCompRow7 ; componentCode = Forgot_Password_PersonalInfo ; stepName = Forgot Password PersonalInfo ; abortTestIfUnexpected = true ; inlineRowId =  ; _selectYN = N }:#0
LogUtils.java, TRACE, ExcelDeserializer{ ExcelAccess{ {folderpath=} }DTAccess{ .\Projects\WMOnline/Plan/TestCases/Connect_ForgotPassword_PersonalInformation_NegativeValidations.xls }Connect_ForgotPassword_PersonalInformation_NegativeValidations.\Projects\WMOnline/Plan/TestCases/Connect_ForgotPassword_PersonalInformation_NegativeValidations.xls{enableStepSelection=true, folderpath=, enableIterationSelection=true} }|Step row skipped:{ moduleCode = WMOnline ; offlineRowId = _DefaultCompRow8 ; componentCode = Forgot_Password_PersonalInfo ; stepName = Forgot Password PersonalInfo ; abortTestIfUnexpected = true ; inlineRowId =  ; _selectYN = N }:#0
LogUtils.java, TRACE, ExcelReporter{ .\Projects\WMOnline/Logs/ExecutedOn_24-10-2018_Time_20-12-04/ExecutionReport.xlsx }|Report:START:TestResult{  }:cbf.testAccess.ExcelDeserializer$2@45ee6e
LogUtils.java,  INFO, TestResultTracker{ [ScreenDumpManager{ {folderpath=, pattern=} }, HtmlEventReporter{ {detailsPath=, pattern=, summaryPath=} }, ExcelReporter{ .\Projects\WMOnline/Logs/ExecutedOn_24-10-2018_Time_20-12-04/ExecutionReport.xlsx }, cbf.harness.ParameterAccess@4baf4a, cbf.harness.ParameterAccess@ac4250] }|START : run
LogUtils.java, TRACE, ExcelReporter{ .\Projects\WMOnline/Logs/ExecutedOn_24-10-2018_Time_20-12-04/ExecutionReport.xlsx }|Report:START:TestResult{  }:cbf.testAccess.ExcelDeserializer$3@1338fb5
LogUtils.java,  INFO, TestResultTracker{ [ScreenDumpManager{ {folderpath=, pattern=} }, HtmlEventReporter{ {detailsPath=, pattern=, summaryPath=} }, ExcelReporter{ .\Projects\WMOnline/Logs/ExecutedOn_24-10-2018_Time_20-12-04/ExecutionReport.xlsx }, cbf.harness.ParameterAccess@4baf4a, cbf.harness.ParameterAccess@ac4250] }|START : track
LogUtils.java, TRACE, ExcelReporter{ .\Projects\WMOnline/Logs/ExecutedOn_24-10-2018_Time_20-12-04/ExecutionReport.xlsx }|Report:START:TestResult{  }:cbf.testAccess.ExcelDeserializer$3@1338fb5
LogUtils.java,  INFO, TestResultTracker{ [ScreenDumpManager{ {folderpath=, pattern=} }, HtmlEventReporter{ {detailsPath=, pattern=, summaryPath=} }, ExcelReporter{ .\Projects\WMOnline/Logs/ExecutedOn_24-10-2018_Time_20-12-04/ExecutionReport.xlsx }, cbf.harness.ParameterAccess@4baf4a, cbf.harness.ParameterAccess@ac4250] }|START : track
LogUtils.java, TRACE, TestCaseRunner{ ModuleDrivers.CompositeAppDriver@92b3b6TestResultTracker{ [ScreenDumpManager{ {folderpath=, pattern=} }, HtmlEventReporter{ {detailsPath=, pattern=, summaryPath=} }, ExcelReporter{ .\Projects\WMOnline/Logs/ExecutedOn_24-10-2018_Time_20-12-04/ExecutionReport.xlsx }, cbf.harness.ParameterAccess@4baf4a, cbf.harness.ParameterAccess@ac4250] } }|performComponent()
LogUtils.java, TRACE, TestCaseRunner{ ModuleDrivers.CompositeAppDriver@92b3b6TestResultTracker{ [ScreenDumpManager{ {folderpath=, pattern=} }, HtmlEventReporter{ {detailsPath=, pattern=, summaryPath=} }, ExcelReporter{ .\Projects\WMOnline/Logs/ExecutedOn_24-10-2018_Time_20-12-04/ExecutionReport.xlsx }, cbf.harness.ParameterAccess@4baf4a, cbf.harness.ParameterAccess@ac4250] } }|appdriver.perform( WMOnline_Forgot_Password_{ _rowId = _DefaultCompRow ; Navigate@URL = https://secure.sterbcwm-usa.com/WMConnect/ConnectWeb/signin/Signin.invoke?timeout=Y&vlType=noyHbKEScvfipqsE  } ) 
LogUtils.java, TRACE, WMOnlineDriver|Executing.............Forgot_Password with parameters DataRow{ _rowId = _DefaultCompRow;Navigate@URL = https://secure.sterbcwm-usa.com/WMConnect/ConnectWeb/signin/Signin.invoke?timeout=Y&vlType=noyHbKEScvfipqsE ; }
LogUtils.java, ERROR, WMOnlineDriver|Error: Error in invoking component |Forgot_Password| |java.lang.reflect.InvocationTargetException
LogUtils.java,  INFO, TestResultTracker{ [ScreenDumpManager{ {folderpath=, pattern=} }, HtmlEventReporter{ {detailsPath=, pattern=, summaryPath=} }, ExcelReporter{ .\Projects\WMOnline/Logs/ExecutedOn_24-10-2018_Time_20-12-04/ExecutionReport.xlsx }, cbf.harness.ParameterAccess@4baf4a, cbf.harness.ParameterAccess@ac4250] }|FINISH : track STATUS : ERROR
LogUtils.java, TRACE, ExcelReporter{ .\Projects\WMOnline/Logs/ExecutedOn_24-10-2018_Time_20-12-04/ExecutionReport.xlsx }|Report:FINISH:TestResult{  }:ERROR
LogUtils.java, TRACE, TestResultTracker{ [ScreenDumpManager{ {folderpath=, pattern=} }, HtmlEventReporter{ {detailsPath=, pattern=, summaryPath=} }, ExcelReporter{ .\Projects\WMOnline/Logs/ExecutedOn_24-10-2018_Time_20-12-04/ExecutionReport.xlsx }, cbf.harness.ParameterAccess@4baf4a, cbf.harness.ParameterAccess@ac4250] }|Report Event: type:WARNING:details:{ actual = Step Failed despite unexpected result in component ; expected =  ; name =  ; screenDump = true }
LogUtils.java, TRACE, ScreenDumpManager{ {folderpath=, pattern=} }|Report log
LogUtils.java, TRACE, ExcelReporter{ .\Projects\WMOnline/Logs/ExecutedOn_24-10-2018_Time_20-12-04/ExecutionReport.xlsx }|Report:DETAILS:TestResult{  }:{ actual = Step Failed despite unexpected result in component , expected =  , name =  , screenDump = true }
LogUtils.java,  INFO, TestResultTracker{ [ScreenDumpManager{ {folderpath=, pattern=} }, HtmlEventReporter{ {detailsPath=, pattern=, summaryPath=} }, ExcelReporter{ .\Projects\WMOnline/Logs/ExecutedOn_24-10-2018_Time_20-12-04/ExecutionReport.xlsx }, cbf.harness.ParameterAccess@4baf4a, cbf.harness.ParameterAccess@ac4250] }|FINISH : track STATUS : WARNING
LogUtils.java, TRACE, ExcelReporter{ .\Projects\WMOnline/Logs/ExecutedOn_24-10-2018_Time_20-12-04/ExecutionReport.xlsx }|Report:FINISH:TestResult{  }:WARNING
LogUtils.java, TRACE, ExcelReporter{ .\Projects\WMOnline/Logs/ExecutedOn_24-10-2018_Time_20-12-04/ExecutionReport.xlsx }|Do not clear cell content as cell has formula
LogUtils.java, TRACE, TestCaseRunner{ ModuleDrivers.CompositeAppDriver@92b3b6TestResultTracker{ [ScreenDumpManager{ {folderpath=, pattern=} }, HtmlEventReporter{ {detailsPath=, pattern=, summaryPath=} }, ExcelReporter{ .\Projects\WMOnline/Logs/ExecutedOn_24-10-2018_Time_20-12-04/ExecutionReport.xlsx }, cbf.harness.ParameterAccess@4baf4a, cbf.harness.ParameterAccess@ac4250] } }|aborting at:0
LogUtils.java,  INFO, TestResultTracker{ [ScreenDumpManager{ {folderpath=, pattern=} }, HtmlEventReporter{ {detailsPath=, pattern=, summaryPath=} }, ExcelReporter{ .\Projects\WMOnline/Logs/ExecutedOn_24-10-2018_Time_20-12-04/ExecutionReport.xlsx }, cbf.harness.ParameterAccess@4baf4a, cbf.harness.ParameterAccess@ac4250] }|FINISH : run STATUS : ERROR
LogUtils.java, TRACE, ExcelReporter{ .\Projects\WMOnline/Logs/ExecutedOn_24-10-2018_Time_20-12-04/ExecutionReport.xlsx }|Report:FINISH:TestResult{  }:ERROR
LogUtils.java, TRACE, ExcelReporter{ .\Projects\WMOnline/Logs/ExecutedOn_24-10-2018_Time_20-12-04/ExecutionReport.xlsx }|Do not clear cell content as cell has formula
LogUtils.java, TRACE, TestCaseRunner{ ModuleDrivers.CompositeAppDriver@92b3b6TestResultTracker{ [ScreenDumpManager{ {folderpath=, pattern=} }, HtmlEventReporter{ {detailsPath=, pattern=, summaryPath=} }, ExcelReporter{ .\Projects\WMOnline/Logs/ExecutedOn_24-10-2018_Time_20-12-04/ExecutionReport.xlsx }, cbf.harness.ParameterAccess@4baf4a, cbf.harness.ParameterAccess@ac4250] } }|componentDriver.recover()
LogUtils.java,  INFO, TestResultTracker{ [ScreenDumpManager{ {folderpath=, pattern=} }, HtmlEventReporter{ {detailsPath=, pattern=, summaryPath=} }, ExcelReporter{ .\Projects\WMOnline/Logs/ExecutedOn_24-10-2018_Time_20-12-04/ExecutionReport.xlsx }, cbf.harness.ParameterAccess@4baf4a, cbf.harness.ParameterAccess@ac4250] }|FINISH : runTest STATUS : ERROR
LogUtils.java, TRACE, ExcelReporter{ .\Projects\WMOnline/Logs/ExecutedOn_24-10-2018_Time_20-12-04/ExecutionReport.xlsx }|Report:FINISH:TestResult{  }:ERROR
LogUtils.java, TRACE, ExcelReporter{ .\Projects\WMOnline/Logs/ExecutedOn_24-10-2018_Time_20-12-04/ExecutionReport.xlsx }|Report: Close
